ASIN,title,Price,Ratings,Brand,Amazon_choice,Product_Url
B079DR1SVG,"Truck Driver Bluetooth Headset/Office Headset with Microphone, BT 5.0 Wireless Over The Head Headset with Extra Boom Mic for Trucker,Truck Driver, Phones,Call Center, Skype, VoIP",,4.2 ,Electronic Home,True,https://www.amazon.com/Driver-Bluetooth-Headset-Wireless-Reduction/dp/B079DR1SVG?tag=pricee0d-20
B072M9TGRV,Khanka Hard Travel Case Replacement for Pioneer DJ DDJ-SB2 / DDJ-SB3 / DDJ-400 Portable 2-channel Controller or DDJ-SB Performance DJ Controller,,4.6 ,,nan,https://www.amazon.com/Khanka-Pioneer-Portable-2-channel-controller/dp/B072M9TGRV/ref=sr_1_1?dchild=1&keywords=682698422885&qid=1609057422&sr=8-1&tag=pricee0d-20
B007A99G4U,"Pyle Megaphone Speaker PA Bullhorn with Built-in Siren 50 Watts & Adjustable Volume Control Ideal for Football, Baseball, Hockey, Cheerleading Fans & Coaches or for Safety Drills - PMP53IN",,4.5 ,,nan,https://www.amazon.com/Pyle-Megaphone-Speaker-Bullhorn-Built/dp/B007A99G4U/ref=sr_1_1?dchild=1&keywords=PMP53IN&qid=1606710774&sr=8-1&tag=pricee0d-20
B004LLV04E,"PreSonus AudioBox Studio with Headphones, Microphone, Mic Cable, USB Cable, and StudioOne Artist Software (Download)",194.99,4.4 ,PreSonus,True,https://www.amazon.com/PreSonus-Studio-Headphones-Microphone-StudioOne/dp/B004LLV04E/ref=sr_1_1?dchild=1&keywords=Home+Recording+Studio+Audio+Equipment+Mic+Mixer+Headphones+StudioOne+Software&qid=1607680145&sr=8-1&tag=pricee0d-20
B00T3QBL3M,"BOSS Audio Systems MCBK420B Motorcycle Bluetooth Speaker System - Class D Compact Amplifier, 3 Inch Weatherproof Speakers, Volume Control, Great for Use with ATVs/Motorcycles, 12 Volt Vehicles",87.99,4.4 ,BOSS Audio Systems,nan,https://www.amazon.com/Audio-Systems-MCBK420B-Motorcycle-Bluetooth/dp/B00T3QBL3M/ref=sr_1_3?dchild=1&keywords=Boss+Audio+600w+Bluetooth+2+Speakers%2BAmplifier+Handlebar+System+Motorcycle%2FATV&qid=1607750898&sr=8-3&tag=pricee0d-20
B00T3QBL3M,"BOSS Audio Systems MCBK420B Motorcycle Bluetooth Speaker System - Class D Compact Amplifier, 3 Inch Weatherproof Speakers, Volume Control, Great for Use with ATVs/Motorcycles, 12 Volt Vehicles",87.99,4.4 ,BOSS Audio Systems,nan,https://www.amazon.com/Audio-Systems-MCBK420B-Motorcycle-Bluetooth/dp/B00T3QBL3M/ref=sr_1_9?dchild=1&keywords=Boss+Audio+600w+Bluetooth+2+Speakers%2BAmplifier+Handlebar+System+Motorcycle%2FATV&qid=1611224438&sr=8-9&tag=pricee0d-20
B00TOKTBL6,"Pyle Channel Microphone System-VHF Fixed Dual Frequency Wireless Set with 2 Handheld Dynamic Transmitter Mics, Receiver Base-for PA, Karaoke, Dj Party (PDWM2135) , Black",52.95,4.2 ,Pyle,True,https://www.amazon.com/Dual-Channel-Wireless-Microphone-System/dp/B00TOKTBL6?tag=pricee0d-20
B01D4KYRYC,Neewer® NW-700 Professional Condenser Microphone & NW-35 Suspension Boom Scissor Arm Stand with XLR Cable and Mounting Clamp & NW-3 Pop Filter & 48V Phantom Power Supply with Adapter Kit,,4.3 ,Neewer,True,https://www.amazon.com/Neewer-Professional-Condenser-Microphone-Suspension/dp/B01D4KYRYC/ref=psdc_11974661_t1_B00XOXRTX6?tag=pricee0d-20
B0071I0Q5S,"3-way Mini Box Speaker System - 3.5 Inch 200 Watt Weatherproof Marine Grade Mount Speakers - in a Heavy Duty ABS Enclosure Grill - Home, Boat, Poolside, Patio Indoor Outdoor Use - Pyle PLMR24B (Black)",,4.3 ,Pyle,True,https://www.amazon.com/3-way-Mini-Box-Speaker-System/dp/B0071I0Q5S/ref=pd_lpo_23_t_0/147-5964959-7009167?_encoding=UTF8&pd_rd_i=B0071I0Q5S&pd_rd_r=0b57d0f1-80cb-43e8-8a86-cd3a6d3bf832&pd_rd_w=rdHWq&pd_rd_wg=0bAKk&pf_rd_p=16b28406-aa34-451d-8a2e-b3930ada000c&pf_rd_r=YP36A3HKZ2F5M53SBAXT&psc=1&refRID=YP36A3HKZ2F5M53SBAXT&tag=pricee0d-20
B000JL9DXK,QFX M-336 Wireless Dynamic Professional Microphone - Twin Pack,26.99,3.6 ,QFX,nan,https://www.amazon.com/QFX-M-336-Wireless-Professional-Microphone/dp/B000JL9DXK/ref=sr_1_1?dchild=1&keywords=668105157014&qid=1605760102&sr=8-1&tag=pricee0d-20
B073S582XZ,"Besign SH03 Sports Bluetooth 4.1 Headphones, Wireless Stereo Earphones for Running with Mic for Wireless Music Streaming and Handsfree Calling, Up to 25 Hours Music time",29.99,4.1 ,BESIGN,nan,https://www.amazon.com/SH03-Bluetooth-Headphones-Earphones-Hands-Free/dp/B073S582XZ?tag=pricee0d-20
B015SW7FV6,Hercules DJ DJControl Compact,,4.1 ,,nan,https://www.amazon.com/Hercules-DJCONTROL-COMPACT-DJControl-Compact/dp/B015SW7FV6?tag=pricee0d-20
B01AZBFJOU,Ibanez EJK EJK1000 Intonation Adjuster,40.97,4.6 ,,nan,https://www.amazon.com/Ibanez-EJK-EJK1000-Intonation-Adjuster/dp/B01AZBFJOU?tag=pricee0d-20
B00EEZQPHO,"HAUSBELL Listening Device, Scientific Explorer Bionic Ear Electronic Listening Device Digital Device Nature Observing and Listening Device (Headphone Included)",39.99,3.5 ,HAUSBELL,nan,https://www.amazon.com/Listening-Scientific-Explorer-Electronic-Observing/dp/B00EEZQPHO/ref=sr_1_3?dchild=1&keywords=Parabolic+Sonic+Listening+Device+Microphone+Amplifier+Spy+Bionic+Ear+Sound+100FT&qid=1611795630&sr=8-3&tag=pricee0d-20
B06XXW1GTZ,"FIFINE 20-Channel UHF Wireless Lavalier Lapel Microphone System with Bodypack Transmitter, Mini XLR Female Lapel Mic and Portable Receiver, Quarter Inch Output. Perfect for Live Performance-K037",,4.0 ,FIFINE,nan,https://www.amazon.com/20-Channel-Wireless-Microphone-Transmitter-Performance/dp/B06XXW1GTZ?tag=pricee0d-20
B07T9ZPLYX,"iUKUS PC Microphone with Mic Stand, Professional 3.5mm Jack Recording Condenser Microphone Compatible with PC, Laptop, IP@d, iPh0ne, Mac-Recorder Singing YouTube Skype Gaming (3.5mm PC Microphone)",16.94,3.8 ,IUKUS,nan,https://www.amazon.com/Microphone-Professional-Recording-Compatible-Mac-Recorder/dp/B07T9ZPLYX?tag=pricee0d-20
B00ITT9U78,iLive iKBC384S Bluetooth Under the Cabinet Radio with CD Player,,4.2 ,iLive,nan,https://www.amazon.com/iLive-iKBC384S-Bluetooth-Cabinet-Player/dp/B00ITT9U78/ref=sr_1_1?dchild=1&keywords=Under+Cabinet+Cd+Player+And+Radio+Kitchen+Counter+Bluetooth+iLive+Stereo+Speaker&qid=1606707925&sr=8-1&tag=pricee0d-20
B00TJ2FKZK,"Pyle Dual Channel Wireless Microphone System - VHF Fixed Dual Frequency Wireless Mic Receiver Set with 2 Lavalier, 2 Headset Mics, 2 Transmitter, Receiver - For PA, Karaoke, Dj Party - Pyle PDWM2145",41.47,4.0 ,Pyle,nan,https://www.amazon.com/dp/B00TJ2FKZK/ref=dp_cr_wdg_tit_nw_mr?tag=pricee0d-20
B07VLRH3FL,"Portable Wireless Bluetooth Speakers with FM Radio Subwoofer MP3 Player Remote Control AUX, Rich Bass Party Speaker, Clear Stereo Sound Outdoor Home Desktop Speakers for Phone PC Computer TV(Black)",42.98,4.5 ,TENMIYA,nan,https://www.amazon.com/Portable-Bluetooth-Speakers-Subwoofer-Wireless/dp/B07VLRH3FL/ref=pd_lpo_23_t_0/135-6287290-5300232?_encoding=UTF8&pd_rd_i=B07VLRH3FL&pd_rd_r=bff3cd1c-cb48-4bc0-975b-8ba26cb22f3b&pd_rd_w=v4M8G&pd_rd_wg=4hMOe&pf_rd_p=16b28406-aa34-451d-8a2e-b3930ada000c&pf_rd_r=F4YBXVN5Z0VN3QFQ9ZJ7&refRID=F4YBXVN5Z0VN3QFQ9ZJ7&th=1&tag=pricee0d-20
B01954PYG6,"Wall Mount Home Speaker System - Active + Passive Pair Wireless Bluetooth Compatible Indoor / Outdoor Waterproof Weatherproof Stereo Sound Speaker Set with AUX IN - Pyle PDWR52BTBK (Black), 5.25 Inch",105.69,4.4 ,Pyle,nan,https://www.amazon.com/Wall-Mount-Home-Speaker-System/dp/B01954PYG6/ref=sr_1_3?dchild=1&keywords=Patio+Speakers+Bluetooth+Pair+System+Wireless+Weatherproof+Indoor+Outdoor+Deck&qid=1613813461&sr=8-3&tag=pricee0d-20
B08CV8HLFJ,"Bluetooth Headset CVC8.0 Dual Mic Noise Cancelling, Wireless Bluetooth Earpiece Super Power V5.0 Hands-Free Earphones for iPhone Android Cell Phones Driver Trucker Business",39.99,3.8 ,HonShoop,nan,https://www.amazon.com/Bluetooth-Cancelling-HonShoop-Hands-Free-Earphones/dp/B08CV8HLFJ/ref=sr_1_5?dchild=1&keywords=Bluetooth+Headset+Cvc8.0+Dual+Mic+Noise+Cancelling+Wireless+Bluetooth+Earpiece&qid=1611228549&sr=8-5&tag=pricee0d-20
B00YO2T6ZA,"LEDVANCE Sylvania Portable Bluetooth Speaker, Black, 7 x 8.2 x 15.5 inches (SP328-BLACK)",24.99,3.9 ,SYLVANIA,nan,https://www.amazon.com/Sylvania-Portable-Bluetooth-Speaker-Black/dp/B00YO2T6ZA?tag=pricee0d-20
B01LEEWO7C,"TONOR XLR Condenser Microphone Kit with XLR to XLR Cable/3.5mm to XLR/Adjustable Mic Suspension Scissor Arm/Shock Mount/USB Audio Adapter for Professional Studio/Home Recording, Podcasting, Black",,4.1 ,TONOR,nan,https://www.amazon.com/TONOR-Professional-Microphone-Podcasting-Broadcasting/dp/B01LEEWO7C/ref=sr_1_1?dchild=1&keywords=XLR+Condenser+Microphone+Kit+for+Professional+Studio+Home+Recording+Podcasting&qid=1610720394&sr=8-1&tag=pricee0d-20
B079DR1SVG,"Truck Driver Bluetooth Headset/Office Headset with Microphone, BT 5.0 Wireless Over The Head Headset with Extra Boom Mic for Trucker,Truck Driver, Phones,Call Center, Skype, VoIP",,4.2 ,Electronic Home,True,https://www.amazon.com/Driver-Bluetooth-Headset-Wireless-Reduction/dp/B079DR1SVG/ref=sr_1_9?dchild=1&keywords=Bluetooth+Headset+With+Mic+For+Truck+Driver+Over+The+Ear+Wireless+Headphone&qid=1613807154&sr=8-9&tag=pricee0d-20
B01HQRAMTS,"Skar Audio TWS-01 1-Inch 240 Watt Max Power Neodymium Silk Dome Tweeters, Pair",,4.4 ,Skar Audio,True,https://www.amazon.com/Skar-Audio-TWS-01-Neodymium-Tweeters/dp/B01HQRAMTS/ref=pd_bxgy_img_2/138-0915316-6428227?_encoding=UTF8&pd_rd_i=B01HQRAMTS&pd_rd_r=7da086f2-ab2f-4aa6-9fa4-c4b85f06e64b&pd_rd_w=JMxwz&pd_rd_wg=xqe4c&pf_rd_p=f325d01c-4658-4593-be83-3e12ca663f0e&pf_rd_r=MMD68XVBRN4MK7C9BQ4T&psc=1&refRID=MMD68XVBRN4MK7C9BQ4T&tag=pricee0d-20
B00W3TAMG8,Plantronics 202340-21 Explorer 50 Bluetooth Headset - Retail Packaging - Black,,4.3 ,Poly (Plantronics + Polycom),nan,https://www.amazon.com/Plantronics-Explorer-Bluetooth-Headset-Packaging/dp/B00W3TAMG8/ref=sr_1_25?dchild=1&keywords=Bluetooth+Headsets+Plantronics+Explorer+Travel+Sound+Workout+Cell+Phones+NEW&qid=1613982870&sr=8-25&tag=pricee0d-20
B081ZWQBD8,"MP3 Player,AMDISI 16GB Bluetooth MP3 Player with 2.4'' Large Screen, Slim Portable Music Player with Speaker,Touch Buttons,HiFi Lossless Sound Quality,FM Radio/Recorder,Come with a Wired Headphone",,3.9 ,AMDISI,nan,https://www.amazon.com/AMDISI-Bluetooth-Portable-Lossless-Headphone/dp/B081ZWQBD8?tag=pricee0d-20
B07B76RN9J,"VTech PAW Patrol Megaphone Mission Voice Changer, Blue",21.99,4.5 ,VTech,True,https://www.amazon.com/VTech-Patrol-Megaphone-Mission-Changer/dp/B07B76RN9J/ref=sr_1_1?dchild=1&keywords=PAW+Patrol+Megaphone+Mission+Voice+Changer+Fun+Toy+For+Kids+Rescue+Missions+NEW&qid=1613805624&sr=8-1&tag=pricee0d-20
B07ZQN5J93,"Be Free Sound 5.1 Channel Surround Sound Bluetooth Speaker System in Red with Remote Control, FM Radio, 4"" Amplifier, 2.5"" Speakers",,3.9 ,Be Free,nan,https://www.amazon.com/Channel-Surround-Bluetooth-Speaker-System/dp/B07ZQN5J93/ref=pd_lpo_23_t_1/135-6230655-2354102?_encoding=UTF8&pd_rd_i=B07ZQN5J93&pd_rd_r=214441a2-edeb-4a58-a9c1-1f70697f4153&pd_rd_w=8MMoq&pd_rd_wg=JjRe9&pf_rd_p=16b28406-aa34-451d-8a2e-b3930ada000c&pf_rd_r=X68C2J9TSA46AQFKT81K&psc=1&refRID=X68C2J9TSA46AQFKT81K&tag=pricee0d-20
B001ASWCP2,Caldwell E-MAX Low Profile Electronic Hearing Protection with Sound Amplification 21-25 NRR,26.49,4.6 ,Caldwell,nan,https://www.amazon.com/Caldwell-Electronic-Protection-Amplification-Adjustable/dp/B001ASWCP2?ref_=ast_sto_dp&tag=pricee0d-20
B00IJSBDSI,"Pyle Portable Folding Laptop Stand - Standing Table with Foldable Height and Secondary Accessory Tray for iPad, Tablet, DJ Mixer, Workstation, Gaming and Home Use with Bag - PLPTS35",,4.4 ,Pyle,nan,https://www.amazon.com/Pyle-Portable-Folding-Laptop-Stand/dp/B00IJSBDSI?tag=pricee0d-20
B07R3V9N3D,HAOYUE Violin Bow - Lightweight Violin Bow 4/4 Full Size -Fiddle Bow Carbon Fiber Violin Bow - Handmade with Natural Mongolian Horse Hair-Crescent Balanced Bow (Black),,4.4 ,HAOYUE,nan,https://www.amazon.com/dp/B07R3V9N3D/ref=redir_mobile_desktop?_encoding=UTF8&aaxitk=tpWAgW2lhYbRIfNA9-mwjw&hsa_cr_id=1867408550101&pd_rd_plhdr=t&pd_rd_r=1b10f1c1-ab7e-4815-b7a2-e20389f7e6b7&pd_rd_w=RV0CD&pd_rd_wg=AIobW&ref_=sbx_be_s_sparkle_mcd_asin_0_title&tag=pricee0d-20
B0795PNCBG,"Wireless Microphone,Fifine Handheld Dynamic Microphone Wireless mic System for Karaoke Nights and House Parties to Have Fun Over The Mixer,PA System,Speakers-K025",,4.2 ,FIFINE TECHNOLOGY,nan,https://www.amazon.com/Wireless-Microphone-Handheld-Dynamic-Speakers-K025/dp/B0795PNCBG?tag=pricee0d-20
B07574VQPQ,Liquid Stands Piano Keyboard Stand - Z Style Adjustable and Portable Heavy Duty Music Stand for Kids and Adults (Fits 54 - 88 Key Electric Pianos),74.99,4.8 ,,True,https://www.amazon.com/Plixio-Piano-Keyboard-Stand-Adjustable/dp/B07574VQPQ/ref=sr_1_1?dchild=1&keywords=Piano+Keyboard+Stand+Adjustable+Heavy+Duty+Music+Stand+for+Kids+and+Adults&qid=1613813080&sr=8-1&tag=pricee0d-20
B07F2TLXQP,"Moozica 17 Keys Kalimba Marimba, Solid Koa Wood Professional Thumb Piano Musical Instrument Gift (Koa-K17K)",39.99,4.8 ,MOOZICA,nan,https://www.amazon.com/Moozica-Kalimba-Marimba-Professional-Instrument/dp/B07F2TLXQP/ref=sr_1_4?_encoding=UTF8&c=ts&dchild=1&keywords=Thumb+Pianos&qid=1613787198&s=musical-instruments&sr=1-4&ts_id=11972441&tag=pricee0d-20
B07FNGKZ9D,"ZINGYOU Condenser Microphone Bundle, BM-800 Mic Set for Studio Recording & Brocasting (Microphone Kit (Black))",41.99,4.0 ,ZINGYOU,nan,https://www.amazon.com/ZINGYOU-Condenser-Microphone-BM-800-Brocasting/dp/B07FNGKZ9D/ref=sr_1_1?dchild=1&keywords=PRO+Music+Recording+Equipment+Home+Studio+Package+Bundle+Professional+Broadcast&qid=1614561840&sr=8-1&tag=pricee0d-20
B07K6H2MTL,"UEME Retro Tabletop Jukebox with CD Player, Bluetooth, FM Radio, AUX-in Port and Color Changing LED Lights",,4.0 ,UEME,nan,https://www.amazon.com/UEME-Tabletop-Jukebox-Bluetooth-Changing/dp/B07K6H2MTL/ref=sr_1_5?dchild=1&keywords=jukebox&qid=1615435426&sr=8-5&tag=pricee0d-20
B07SNCTH1L,"[2 Pack] HeadSound H2 True Wireless Bluetooth Speakers, Latest Powerful Dual Twin Portable Mini Speaker Set w/Surround HD Sound, Instant Pairing with Built in Mic for HandsFree Calls for Home (Silver)",,3.7 ,HEADSOUND GLOBAL,nan,https://www.amazon.com/HeadSound-Portable-Wireless-Bluetooth-HandsFree/dp/B07SNCTH1L/ref=sr_1_1?dchild=1&keywords=HeadSound%2BG2%2BPortable%2BWireless%2BBluetooth%2BSpeakers%2BLatest%2BPowerful%2BDual%2BTrue%2BW...&qid=1613872613&sr=8-1&th=1&tag=pricee0d-20
B01JKD98UU,beFree Sound 2.1 Channel Surround Sound Bluetooth Speaker System in Red,,4.1 ,BeFree Sound,nan,https://www.amazon.com/beFree-Channel-Surround-Bluetooth-Speaker/dp/B01JKD98UU/ref=sr_1_16?dchild=1&keywords=befree+sound+bluetooth+speaker&qid=1614999080&sr=8-16&tag=pricee0d-20
B07XNQT52F,VIVOSUN Heating Seedling Starter Germination Kit-Premium Seedling Propagation Dome and Tray with 5 Inch Vented Humidity Dome,,4.1 ,VIVOSUN,nan,https://www.amazon.com/-/es/germinaci%C3%B3n-calentamiento-semilleros-propagaci%C3%B3n-ventilado/dp/B07XNQT52F?currency=USD&language=en_US&tag=pricee0d-20
B00GGVPKKC,"ViewTV ATSC Digital Converter Box for TV, Clear",29.99,3.8 ,,nan,https://www.amazon.com/AT-163-Converter-Recording-Function-Composite/dp/B00GGVPKKC?tag=pricee0d-20
B0071I0Q5S,"3-way Mini Box Speaker System - 3.5 Inch 200 Watt Weatherproof Marine Grade Mount Speakers - in a Heavy Duty ABS Enclosure Grill - Home, Boat, Poolside, Patio Indoor Outdoor Use - Pyle PLMR24B (Black)",,4.3 ,Pyle,True,https://www.amazon.com/3-way-Mini-Box-Speaker-System/dp/B0071I0Q5S/ref=sr_1_1?dchild=1&keywords=Outdoor+Speakers+Pair+System+200+W+Weatherproof+Patio+Pool+Backyard+Deck+Black&qid=1616661627&sr=8-1&tag=pricee0d-20
B0006DONOK,"Naxa NAM-984 Dual Handheld Wireless Microphone Starter Kit with Wireless FM Receiver, Standard Packaging",26.99,3.8 ,Naxa Electronics,nan,https://www.amazon.com/Naxa-Handheld-Wireless-Microphone-Receiver/dp/B0006DONOK?tag=pricee0d-20
B007JV7CRC,"Altavoz de graves de 4 ohmios doble de 1000 W y 10 pulgadas Pyle, 10"" (25.4 cm)",29.49,,,nan,https://www.amazon.com/-/es/Altavoz-graves-ohmios-doble-pulgadas/dp/B007JV7CRC/ref=sr_1_1?dchild=1&keywords=CAR+AUDIO+SUBWOOFER+SPEAKER+Pyle+10+Sub+Dual+4+Ohm+Enclosure+Box+Bass+1000+Watt&qid=1615625112&sr=8-1&tag=pricee0d-20
B07QTPFVVY,"Wireless Microphone Headset, UHF Wireless Mic Headset and Handheld 2 in 1, 160 ft Range for Voice Amplifier, Stage Speakers, Teacher, Tour Guides, Fitness Instructor（Do Not Support Phone/Mac/Laptop）",,4.0 ,XIAOKOA,nan,https://www.amazon.com/Wireless-Microphone-Rechargeable-Amplifier-Instructor/dp/B07QTPFVVY?tag=pricee0d-20
B004VF4D9E,GPX HC221B Compact CD Player Stereo Home Music System with AM/ FM Tuner Black/Silver,,3.9 ,GPX,nan,https://www.amazon.com/GPX-HC221B-Compact-Player-Stereo/dp/B004VF4D9E/ref=sr_1_4?dchild=1&keywords=Compact+Mini+Stereo+System+Shelf+CD+Player+MP3+AM%2FFM+Radio+Speakers+Remote&qid=1596694674&sr=8-4&tag=pricee0d-20
B004VF4D9E,GPX HC221B Compact CD Player Stereo Home Music System with AM/ FM Tuner Black/Silver,,3.9 ,GPX,nan,https://www.amazon.com/GPX-HC221B-Compact-Player-Stereo/dp/B004VF4D9E?tag=pricee0d-20
B00PM1KCJG,"Nutrisystem® Double Chocolate Muffin, 16 ct, Muffins for Weight Loss",,4.0 ,,nan,https://www.amazon.com/Nutrisystem-Double-Chocolate-Mega-Muffin-16/dp/B00PM1KCJG/ref=sr_1_5?dchild=1&keywords=Nutri+High+Fiber+and+Protein+Diet+Muffin+Breakfast+Bread+Chocolate+Mega+16+Pack&qid=1610671109&sr=8-5&tag=pricee0d-20
B0071I0Q5S,"3-way Mini Box Speaker System - 3.5 Inch 200 Watt Weatherproof Marine Grade Mount Speakers - in a Heavy Duty ABS Enclosure Grill - Home, Boat, Poolside, Patio Indoor Outdoor Use - Pyle PLMR24B (Black)",,4.3 ,Pyle,True,https://www.amazon.com/3-way-Mini-Box-Speaker-System/dp/B0071I0Q5S/ref=sr_1_2?dchild=1&keywords=Outdoor+Speakers+Pair+System+200+W+Weatherproof+Patio+Pool+Backyard+Deck+Black&qid=1612238183&sr=8-2&tag=pricee0d-20
B00YO2T9QQ,"Sylvania SP328-Silver Portable Speaker with Bluetooth, Connect to iPhone, iPad or Android, Double Subwoofer Heavy Bass, Perfect for Events, Silver",,3.9 ,SYLVANIA,nan,https://www.amazon.com/Sylvania-SP328-Silver-Portable-Bluetooth-Speaker/dp/B00YO2T9QQ?tag=pricee0d-20
B002PU9Q4O,"Air King BFQ 110 BFQ110 Exhaust Fan, 100-CFM",,4.4 ,Air King,nan,https://www.amazon.com/Air-King-BFQ-110-Exhaust/dp/B002PU9Q4O/ref=sr_1_1?dchild=1&keywords=752913163869&qid=1610670114&sr=8-1&tag=pricee0d-20
B00AHYLJJA,"Engel UC19C1 19 Quart Leak-Proof air-Tight drybox/Cooler, Camouflage",,4.7 ,ENGEL,True,https://www.amazon.com/Engel-Cooler-Dry-Box-Grassland/dp/B00AHYLJJA/ref=sr_1_11?dchild=1&keywords=Long+Cooler&qid=1610631285&sr=8-11&tag=pricee0d-20
B0037XH3JI,"Update International WPP-1236 Pizza Peel, 12"" x 14"", Wood",,4.4 ,Update International,nan,https://www.amazon.com/Premium-36-Wooden-Pizza-Peel/dp/B0037XH3JI?th=1&tag=pricee0d-20
B07V2H28GF,"Foldable Bluetooth Headphones, AMORNO Wireless Neckband Sports Headset with Retractable Earbuds, Sweatproof Noise Cancelling Stereo Earphones with Mic (Black)",,4.1 ,AMORNO,nan,https://www.amazon.com/Headphones-AMORNO-Retractable-Sweatproof-Cancelling/dp/B07V2H28GF?th=1&tag=pricee0d-20
B001L8PIFW,Fender Frontman 10G Electric Guitar Amplifier,99.99,4.6 ,Fender,True,https://www.amazon.com/Fender-Frontman-Electric-Guitar-Amplifier/dp/B001L8PIFW/ref=sr_1_1?dchild=1&keywords=Fender+Electric+Guitar+Violin+10W+Mini+Portable+Amplifier+Musical+Instrumant+Amp&qid=1607484962&sr=8-1&tag=pricee0d-20
B07WVYS5JB,"SUNPIN 12.5"" Portable DVD Player for Car and Kids with Headrest Mount, 10.1"" HD Screen, 5 Hours Rechargeable Battery, Remote Control, Car Charger Wall Charger, Region Free, Ideal for Road Trip, Blue",77.99,4.3 ,SUNPIN,nan,https://www.amazon.com/SUNPIN-Portable-Headrest-Rechargeable-Battery/dp/B07WVYS5JB?tag=pricee0d-20
B07JKVKZX8,"Govee TV LED Backlights, WiFi TV LED Strip Lights with Camera, Work with Alexa and Google Assistant, RGBIC TV Lighting with APP Control and Music Sync, for 55-65 inch TVs",,4.1 ,Govee,nan,https://www.amazon.com/Backlights-Govee-Compatible-Lighting-Calibrate/dp/B07JKVKZX8/ref=sr_1_2?dchild=1&keywords=LED+TV+BACKLIGHTS+WITH+CAMERA+Govee+WiFi+TV+Backlight+Kit+LEDs+Strip+Lights+NEW&qid=1616471851&sr=8-2&tag=pricee0d-20
B0096GJWL2,Augason Farms Tomato Powder Emergency Food Storage 3 lbs 10 oz No. 10 Can,,4.8 ,Augason Farms,nan,https://www.amazon.com/Augason-Farms-Tomato-Emergency-Storage/dp/B0096GJWL2/ref=sr_1_1?dchild=1&keywords=078716120046&qid=1610630163&sr=8-1&th=1&psc=1&tag=pricee0d-20
B08B3K8J5B,SpecialArt0043 (02: Wine) Framed Canvas Wall Art Red Wine Grape Cups Modern 4 Pieces Abstract Canvas Prints Artwork Contemporary Vintage Pictures for Kitchen Wall Decorations Bar Interior Decor 4 pcs 12 x 12 Inch,,5.0 ,Ozlvii,nan,https://www.amazon.com/SpecialArt0043-02-Abstract-Contemporary-Decorations/dp/B08B3K8J5B/ref=sr_1_4?dchild=1&keywords=Kitchen+Decor+Wall+Art+Picture+Print+Wine+Cups+Bar+Abstract+Paintings+4+Pcs+NEW&qid=1610684157&sr=8-4&tag=pricee0d-20
B07RZ7HGD7,Tea Cup Glass Coffee Mugs Enamel Rose Flower Butterfly Drinking Cups with Spoon Set Unique Gifts for Birthday Wedding Christmas Blue Rose Tall Mug 12oz,18.56,4.7 ,Kaiyuan Dynasty,True,https://www.amazon.com/Butterfly-Drinking-Birthday-Wedding-Christmas/dp/B07RZ7HGD7/ref=sr_1_1?dchild=1&keywords=Elegant%2BTea%2BCup%2BGlass%2BCoffee%2BMugs%2BEnamel%2BRose%2BFlower%2BButterfly%2BDrinking%2BCup%2BNew&qid=1610684733&sr=8-1&th=1&tag=pricee0d-20
B07SPR2HPT,"SONGMICS Fabric Storage Bins, 10.2 x 10.2 x 11 inches, Cube Storage Bins, Fabric Storage Bins with Dual Handles, Foldable Cube Baskets for Shelf, Closet Organizers and Storage Box, Gray UROB26LG",,4.7 ,SONGMICS,True,https://www.amazon.com/SONGMICS-Non-Woven-Foldable-Organizer-Heathered/dp/B07SPR2HPT/ref=zg_bs_165119011_24?_encoding=UTF8&psc=1&refRID=WZ4F4QWAX7N7Z0158AJY&tag=pricee0d-20
B07522B8MG,"JapanBargain Brand, Bamboo Airtight Seal Kitchen Food Storage Canister Jar with Lid, Set of 3, Yellow",45.00,4.6 ,,nan,https://www.amazon.com/JapanBargain-4092-4093-4094-Canister/dp/B07522B8MG?tag=pricee0d-20
B01N5SVRN2,"Boston Warehouse Insulated Plastic Tumblers, 24-Ounce, Set of 4, Clear Collection",21.25,3.9 ,Boston Warehouse,True,https://www.amazon.com/Boston-Warehouse-Insulated-Tumblers-Collection/dp/B01N5SVRN2/ref=sr_1_8?dchild=1&keywords=Insulated+Clear+Plastic+Tumblers+Set+Of+4+For+Smoothies+Coffee+Iced+Tea+Drinks&qid=1610784551&sr=8-8&tag=pricee0d-20
B08Q43PQ3F,"Electric Can Opener, Restaurant Can Opener, Smooth Edge Automatic Electric Can Opener! Chef's Best Choice",,3.4 ,Vivibyan,True,https://www.amazon.com/-/es/Abrelatas-El%C3%A9ctrico-Restaurante-Autom%C3%A1tico-Borde/dp/B08Q43PQ3F/ref=sr_1_14?dchild=1&keywords=Touch%20Button%20Electric%20Can%20Opener%20Automatic%20Hand%20Held%20Cordless%20Opener%20Black%20NEW&language=en_US&qid=1610784456&sr=8-14&tag=pricee0d-20
B085RVFLWB,"Sous Vide Bags, 42 PCS Electric Vacuum Sealer Food Vacuum Sealer & Reusable Vacuum Food Storage Bags for Anova, Joule Cookers -30 PCS Reusable Vacuum Sealer Bags,5 Clips & 5 Sealing Clips,Rechargeable Vacuum Sealer Set",22.99,4.2 ,KOSBON,nan,https://www.amazon.com/Electric-Reusable-Storage-Cookers-Rechargeable/dp/B085RVFLWB/ref=sr_1_4?dchild=1&keywords=Sous+Vide+Bags+Automatic+Vacuum+Sealer+Left+Over+Food+Saver+Storage+Sealing+Set&qid=1610684948&sr=8-4&tag=pricee0d-20
B01N63S4L6,HotelSpaWave Luxury Soap/Shampoo/Lotion Modular-Design Shower Dispenser System (Pack of 2),18.99,3.9 ,Hotel Spa,nan,https://www.amazon.com/HotelSpaWave-Luxury-Shampoo-Modular-Design-Dispenser/dp/B01N63S4L6/ref=sxin_10?ascsubtag=amzn1.osa.552a4b28-4a77-48c9-933f-ec74cba86330.ATVPDKIKX0DER.en_US&creativeASIN=B01N63S4L6&cv_ct_cx=wall+soap+dispenser&cv_ct_id=amzn1.osa.552a4b28-4a77-48c9-933f-ec74cba86330.ATVPDKIKX0DER.en_US&cv_ct_pg=search&cv_ct_we=asin&cv_ct_wn=osp-single-source-gl-ranking&dchild=1&keywords=wall+soap+dispenser&linkCode=oas&pd_rd_i=B01N63S4L6&pd_rd_r=fda12cc4-08ff-46b5-97f3-82e9f8f151e0&pd_rd_w=RAgiw&pd_rd_wg=IHJns&pf_rd_p=53f37bb1-bef6-4b9e-be3a-0696c5f5ad01&pf_rd_r=KGYEMRC3MVCDPWQ03TMM&qid=1611912522&sr=1-3-d9dc7690-f7e1-44eb-ad06-aebbef559a37&tag=pricee0d-20
B07W83XF2L,"Hongso GFK-160, GFK-160A, Fireplace Blower Fan Kit with Ball Bearings Motor for Heat N Glo, Hearth and Home, Quadra Fire, GTI, Fasco, Regency Wood Stove Insert, Royal, Jakel, Nordica, Rotom",97.99,4.6 ,Hongso,True,https://www.amazon.com/Hongso-GFK-160-GFK-160A-Fireplace-Bearings/dp/B07W83XF2L/ref=sr_1_1?dchild=1&keywords=Fireplace+Blower+Fan+Kit+With+Ball+Bearings+Motor+Gfk-160+Gfk-160A+Universal+Fit&qid=1610856714&sr=8-1&tag=pricee0d-20
B013JM22ZG,"Elements Harlequin Embossed Metal Vase-Table Centerpiece Home Décor for Dried Flower and Artificial Floral Arrangements, Living Room Décor, Bedroom Décor, Decorative Vase, 17-Inch",,4.4 ,Elements,True,https://www.amazon.com/Elements-Embossed-Floral-Decorative-17-Inch/dp/B013JM22ZG/ref=pd_di_sccai_14?pd_rd_w=sV50s&pf_rd_p=c9443270-b914-4430-a90b-72e3e7e784e0&pf_rd_r=GPC91X51ENGBJM1VDH90&pd_rd_r=dc5463dc-11d9-47d9-8392-72feb61a445d&pd_rd_wg=vMvsl&pd_rd_i=B013JM22ZG&psc=1&tag=pricee0d-20
B074NHZ61G,"Furinno 7-Cube Reversible Open Shelf, White",,4.2 ,Furinno,True,https://www.amazon.com/Furinno-7-Cube-Reversible-Shelf-11048WH/dp/B074NHZ61G/ref=sr_1_1?dchild=1&keywords=816718024470&qid=1610857435&sr=8-1&tag=pricee0d-20
B075FNMGXM,"Urbanears Plattan 2 Bluetooth On-Ear Headphone, Amethyst Purple (04092052)",,4.5 ,Urbanears,nan,https://www.amazon.com/-/es/Urbanears-Plattan-Auriculares-ear-Bluetooth/dp/B075FNMGXM/ref=sr_1_2?dchild=1&keywords=Urbanears%20Plattan%202%20Bluetooth%20On-Ear%20Headphone%2C%20Amethyst%20Purple%20%2804092052%29&language=en_US&qid=1613868493&sr=8-2&tag=pricee0d-20
B00K5Y616S,Augason Farms Long Grain Brown Rice Emergency Food Storage 24 Pound Pail,,4.5 ,Augason Farms,nan,https://www.amazon.com/Augason-Farms-Grain-Emergency-Storage/dp/B00K5Y616S/ref=sr_1_1?dchild=1&keywords=Long+Grain+Brown+Rice+Emergency+Survival+Food+Storage+242+Servings+24+lbs+Pail&qid=1612345294&sr=8-1&tag=pricee0d-20
B002YGGRSW,"Shelter SC1313 Galvanized Steel Chimney Cap, Fits Outside Tile, 13"" x 13""",,4.7 ,HY-C,nan,https://www.amazon.com/HY-C-SC1313-Existing-Dimensions-Galvanized/dp/B002YGGRSW/ref=sr_1_1?dchild=1&keywords=Chimney+Cap+Home+House+Galvanized+Steel+Fits+Outside+Tile+13+x+13+Roof+New&qid=1612584209&sr=8-1&tag=pricee0d-20
B00029P8II,"Anchor Hocking 4-Piece Ceramic Canister Set with Clamp Top Lid, White -",27.36,3.9 ,Anchor Hocking,nan,https://www.amazon.com/Anchor-Hocking-4-Piece-Ceramic-Canister/dp/B00029P8II?tag=pricee0d-20
B01LXUCM62,"Peet's Coffee, Decaf House Blend - Dark Roast Decaffeinated Coffee - 60 K-Cup Pods for Keurig Brewers (6 Boxes of 10 K-Cup Pods)",,4.8 ,Peet's Coffee,True,https://www.amazon.com/Peets-Coffee-Balanced-Flavors-Decaffeinated/dp/B01LXUCM62/ref=sr_1_3?dchild=1&keywords=Peet%27s+Coffee+Decaf+House+Blend%2C+Dark+Roast+K-Cups+%2860+count%29&qid=1614562927&sr=8-3&tag=pricee0d-20
B00AT9R89S,Household Essentials ML-5569 Willow Wicker Laundry Basket with Handles and Liner | Natural Brown,46.94,4.3 ,Household Essentials,True,https://www.amazon.com/Household-Essentials-ML-5569-Laundry-Handles/dp/B00AT9R89S/ref=sr_1_7?dchild=1&keywords=Wicker+Laundry+Basket+Small+With+Handles+Compact+Removable+Liner+Air+Dry+Carry&qid=1613963574&sr=8-7&tag=pricee0d-20
B083WLLSQK,"Mason Jar Bathroom Accessories Set(6PCS) - Foaming Soap Dispenser,Toothbrush Holder,Qtip Holder,Apothecary Jars, Soap Dish,Metal Wire Storage Organizer - Rustic Farmhouse Decor Bathroom (Bronze)",,4.7 ,SheeChung,True,https://www.amazon.com/Mason-Jar-Bathroom-Accessories-6PCS/dp/B083WLLSQK/ref=sr_1_4?dchild=1&keywords=6PCS+Premium+Mason+Jar+Farmhouse+Bathroom+Accessories+Set+Rustic+Decor+Organizer&qid=1611753750&sr=8-4&tag=pricee0d-20
B0728LYZQQ,"Newtex FirePad Deck Protector - Perfect for Fire Pits, BBQ, Smokers, Grills - Protects Porch, Patio, Deck, Wood, Grass, Stone, Composite from Burns - Heat Resistant Fire Pit Mat (36"")",62.95,4.5 ,Newtex,nan,https://www.amazon.com/Newtex-FirePad-Deck-Protector-24/dp/B0728LYZQQ/ref=sr_1_2?dchild=1&keywords=Newtex%2BFirePad%2BDeck%2BProtector%2B24&qid=1613808594&sr=8-2&th=1&tag=pricee0d-20
B07PHLT47Z,"SXUDA Mason Jar BPA-Free 4oz Mini Canning Jars with Regular Lids and Bands Jelly Jars for Jam, Honey, Wedding Favors, Shower Favors, Baby Foods, DIY Magnetic Spice Jars, 40 PACK",53.79,4.7 ,SXUDA,nan,https://www.amazon.com/SXUDA-BPA-Free-Canning-Regular-Magnetic/dp/B07PHLT47Z?tag=pricee0d-20
B07F39F6XR,Intex Comfort Dura-Beam Airbed Internal Electric Pump Bed Height Elevated (2020 Model),,4.5 ,Intex,nan,https://www.amazon.com/Intex-Elevated-Dura-Beam-Internal-Electric/dp/B07F39F6XR?ref_=ast_sto_dp&tag=pricee0d-20
B000AMOBA8,"Broan-NuTone SP3004 Reversible Stainless Steel Backsplash Range Hood Wall Shield for Kitchen, 24 by 30-Inch",,4.7 ,Broan-NuTone,nan,https://www.amazon.com/Broan-SP3004-Backsplash-30-Inch-Stainless/dp/B000AMOBA8/ref=sr_1_3?dchild=1&keywords=Stainless+Backsplash+30+x+24in+Polished+Magnetic+Steel+Stove+Kitchen+Wall+Panel&qid=1611132641&sr=8-3&tag=pricee0d-20
B07GSKTT86,"AC Infinity Air Carbon Filter 6"" with Premium Australian Virgin Charcoal, for Inline Duct Fan, Odor Control, Hydroponics, Grow Rooms",67.99,4.8 ,AC Infinity,True,https://www.amazon.com/AC-Infinity-Australian-Charcoal-Hydroponics/dp/B07GSKTT86/ref=sr_1_1?dchild=1&keywords=Ac+Infinity+Air+Carbon+Filter+6+With+Premium+Australian+Virgin+Charcoal%2C+For+In&qid=1611132443&sr=8-1&tag=pricee0d-20
B079H9BTHT,"Brentwood Classic Milkshake Maker, 15 oz, Turquoise,SM-1200B",29.99,3.7 ,Brentwood,nan,https://www.amazon.com/Brentwood-SM-1200B-Classic-Milkshake-Turquoise/dp/B079H9BTHT/ref=sr_1_1?dchild=1&keywords=Classic+Milkshake+Maker+15Oz+Turquoise+Highly+Durable+For+Smoothie+Protein+Shake&qid=1611130826&sr=8-1&tag=pricee0d-20
B08P2ZN7QP,LAHONI 5 Pieces Wooden Spurtles Kitchen Tools Set Wooden Kitchen Cooking Utensil Natural Teak Kitchen Set Heat Resistant Non Stick Wood Cookware Slotted Spurtle Spatula Sets Stirring Mixing Serving,22.99,4.8 ,,nan,https://www.amazon.com/LAHONI-Spurtles-Resistant-Cookware-Stirring/dp/B08P2ZN7QP/ref=sr_1_8?dchild=1&keywords=Wooden+Spurtles+Set+5+Pieces+Kitchen+Tools+Natural+Teak+Wood+Cookware+Spatula&qid=1612142139&sr=8-8&tag=pricee0d-20
B07TBPK243,"Ozeri Travel Series USB Rechargeable Electric Wine Bottle Opener, Stainless Steel",,4.7 ,Ozeri,nan,https://www.amazon.com/Ozeri-OW12A-Rechargeable-Electric-Stainless/dp/B07TBPK243/ref=sr_1_1?dchild=1&keywords=Ozeri+OW12A+Travel+Series+USB+Rechargeable+Electric+Wine+Bottle+Opener%2C+One+%26amp&qid=1613867467&sr=8-1&tag=pricee0d-20
B07F7YVDQH,"Canister Sets for Kitchen Counter, ENLOY 4-Piece Stainless Steel Airtight Food Storage Canister Set with Clear Lid for Sugar, Flour, Tea, Candy, Cookie, Spice and More, 28/32/38/65 oz",28.95,4.6 ,,nan,https://www.amazon.com/-/es/Juego-recipientes-herm%C3%A9ticos-acero-inoxidable/dp/B07F7YVDQH/ref=sr_1_1?dchild=1&keywords=Canister%20Set%204%20Piece%20Stainless%20Steel%20Kitchen%20Storage%20Coffee%20Sugar%20Tea%20Flour%20Lids&language=en_US&qid=1613806415&sr=8-1&tag=pricee0d-20
B07WMV79G4,"Kitchen Cooking Utensils Set, 27 pcs Non-stick Silicone Cooking Kitchen Utensils Spatula Set with Holder, Wooden Handle Heat Resistant Silicone Kitchen Gadgets Utensil Set",35.90,4.6 ,,nan,https://www.amazon.com/BECBOLDF-27-Kitchen-Utensil-Set/dp/B07WMV79G4?tag=pricee0d-20
B0822XDC15,"Cure Choice Large Electric Heating Pad for Back Pain Relief + Storage Pouch, Ultra Soft 12""x24"" Heating pad for Muscle Cramps - Heated Pad with Adjustable Temperature Settings (Allium Purple)",21.95,4.5 ,,True,https://www.amazon.com/Choice-Electric-Heating-Relief-Storage/dp/B0822XDC15/ref=sr_1_3?dchild=1&keywords=Large+Calming+Heat+Heating+Pad+12x24+Purple+For+Muscle+Cramps&qid=1610683894&sr=8-3&tag=pricee0d-20
B07T28YXGF,"Cocktail Shaker - Koviti 12 Piece Bartender Kit - Stainless Steel Cocktail Shaker Set, Premium Bar Tools : Martini Shaker, Muddler, Jigger, Mixing Spoon, Strainers, Ice Tong, Liquor Pourers",31.99,4.8 ,Koviti,True,https://www.amazon.com/Cocktail-Shaker-Koviti-Stainless-Bartender/dp/B07T28YXGF/ref=sr_1_1?dchild=1&keywords=12%2BPc%2BCocktail%2BShaker%2BBartender%2BKit%2BStainless%2BSteel%2BFor%2BHome%2BBars%2BParties%2BTravel&qid=1611236435&sr=8-1&th=1&tag=pricee0d-20
B01476P46M,MATCHA DNA CERTIFIED USDA Organic Roasted Dandelion Root Tea (120 Individually Wrapped Tea Caffeine Free Bags),,4.5 ,MATCHA DNA,nan,https://www.amazon.com/Organic-Roasted-Dandelion-Root-bags/dp/B01476P46M/ref=sr_1_13?dchild=1&keywords=Diente+De+Leon+Diente+De+Leon+Raiz+Asado+Organica+Te+120+Bolsitas+De+Te&qid=1614564629&sr=8-13&tag=pricee0d-20
B01N4WB79V,"3 Swords Germany - brand quality 8 piece manicure pedicure grooming kit set for professional finger & toe nail care scissors clipper fashion leather case in gift box, Made in Solingen Germany (02006)",26.95,4.6 ,,nan,https://www.amazon.com/dp/B01N4WB79V/ref=sspa_dk_detail_4?pd_rd_i=B01N4WB79V&pd_rd_w=2JXfR&pf_rd_p=b34bfa80-68f6-4e86-a996-32f7afe08deb&pd_rd_wg=AfI9I&pf_rd_r=8WJD6P87PR8HTCTBYFME&pd_rd_r=3dc46eb2-5928-49c5-9928-a6512194df82&spLa=ZW5jcnlwdGVkUXVhbGlmaWVyPUFHSllLRVVPRUk3UUwmZW5jcnlwdGVkSWQ9QTA0MjcwNzczQzJGUlZDMFlUUE4mZW5jcnlwdGVkQWRJZD1BMDMxMTgyNjJKUVpRMFE0QzVRUkUmd2lkZ2V0TmFtZT1zcF9kZXRhaWwmYWN0aW9uPWNsaWNrUmVkaXJlY3QmZG9Ob3RMb2dDbGljaz10cnVl&th=1&tag=pricee0d-20
B0062QDZBM,"Brentwood HM-44 Lightweight 5-Speed Electric Hand Mixer, Black",12.61,4.2 ,Brentwood,nan,https://www.amazon.com/Brentwood-HM-44-Lightweight-5-Speed-Electric/dp/B0062QDZBM?tag=pricee0d-20
B00ZJ7L43G,Useful UH-VS140 Vacuum Sealer Bag Sealing System,,4.1 ,Useful.,nan,https://www.amazon.com/Useful-UH-VS140-Vacuum-Sealer-Sealing/dp/B00ZJ7L43G?tag=pricee0d-20
B07GYTJM7W,"SUPER DEAL Premium Stainless Steel Electric Meat Slicer 7.5"" inch Blade Home Kitchen Deli Meat Food Vegetable Cheese Cutter - Thickness Adjustable - Easy to clean",,4.0 ,SUPER DEAL,nan,https://www.amazon.com/SUPER-DEAL-Stainless-Electric-Vegetable/dp/B07GYTJM7W?language=en_US&tag=pricee0d-20
B00JS3JV1O,"Brentwood Electric Appliances DF-720 8-Cup Deep Fryer, Silver",40.59,4.3 ,Brentwood,nan,https://www.amazon.com/Brentwood-Appliances-DF-720-8-Cup-Silver/dp/B00JS3JV1O/ref=sr_1_2?dchild=1&keywords=df-720&qid=1614933809&sr=8-2&tag=pricee0d-20
B00EP0N1YS,Shark Cordless Rechargeable Floor & Carpet Sweeper V2700Z,,4.2 ,Shark,nan,https://www.amazon.com/Shark-Cordless-Rechargeable-Carpet-Sweeper/dp/B00EP0N1YS?tag=pricee0d-20
B07V1LZ1JJ,"SHINEURI 9 Pieces Copper Nonstick Pots Pans Ceramic Cookware Set Copper Pots and Pans Nonstick Pots and Pans Copper Nonstick Cookware, Ceramic Pots and Pan, Copper Pots & 4 Set Cooking Utensils",56.98,4.5 ,,nan,https://www.amazon.com/SHINEURI-Nonstick-Cookware-Suitable-Induction/dp/B07V1LZ1JJ/ref=sr_1_18_sspa?dchild=1&keywords=Shineuri&qid=1614918553&sr=8-18-spons&psc=1&spLa=ZW5jcnlwdGVkUXVhbGlmaWVyPUExTjhLVkgzSUpSOEVUJmVuY3J5cHRlZElkPUEwOTc2NTk2WVNTWTVVVFpZR1ZIJmVuY3J5cHRlZEFkSWQ9QTA2MTI4NzQxUlcwWFBRQURLVjkxJndpZGdldE5hbWU9c3BfbXRmJmFjdGlvbj1jbGlja1JlZGlyZWN0JmRvTm90TG9nQ2xpY2s9dHJ1ZQ==&tag=pricee0d-20
B0839PKH18,"Pohl Schmitt Stainless Steel Bread Machine Bread Maker, 2LB 17-in-1, 14 Settings Incl Gluten Free & Fruit, Nut Dispenser, Nonstick Pan, 3 Loaf Sizes 3 Crust Colors, Keep Warm, and Recipes",114.97,,,nan,https://www.amazon.com/-/es/P-S-BM-SS/dp/B0839PKH18/ref=sr_1_1?dchild=1&keywords=17-in-1+Stainless+Steel+Automatic+Bread+Maker+Machine+2+LB%2C14+Settings%2CKeep+Warm&qid=1614996896&sr=8-1&tag=pricee0d-20
B075KTY52J,"F2C Manual Hand Citrus Juicer Extractor Press Fruit Juice Squeezer Press, Grey",,4.8 ,,nan,https://www.amazon.com/-/es/prensa-extractor-exprimidor-c%C3%ADtricos-Manual/dp/B075KTY52J/ref=sr_1_13?dchild=1&language=en_US&qid=1614998101&refinements=p_89%3AF2C&s=home-garden&sr=1-13&th=1&tag=pricee0d-20
B00LU9G1I0,"Aroma Housewares ARC-360-NGP 20-Cup Pot-Style Rice Cooker & Food Steamer, White",24.94,4.6 ,Aroma Housewares,True,https://www.amazon.com/Aroma-Housewares-ARC-360-NGP-Pot-Style-Steamer/dp/B00LU9G1I0?tag=pricee0d-20
B07917QC9C,"BAOSHISHAN Cortador de carne congelada manual de acero inoxidable para uso doméstico, rollo de carne, tocino, turrón Deli Shabu Shabu",51.99,,,True,https://www.amazon.com/-/es/BAOSHISHAN-Cortadora-congelada-inoxidable-dom%C3%A9stico/dp/B07917QC9C/ref=sr_1_3?dchild=1&keywords=Manual+Frozen+Meat+Slicer+Cutter+Stainless+Steel+Beef+Mutton+Ham+Cutting+Machine&qid=1615006405&sr=8-3&tag=pricee0d-20
B00004X135,"Mezclador de bebidas Hamilton Beach clásico, Cromado",46.99,,,True,https://www.amazon.com/-/es/Mezclador-bebidas-Hamilton-cl%C3%A1sico-Cromado/dp/B00004X135/ref=sr_1_1?dchild=1&keywords=Milkshake+Maker+Classic+Drink+Mixer+Frappe+Smoothie+Malt+Blender+Chrome+Machine&qid=1615006845&sr=8-1&tag=pricee0d-20
B084YY16JD,"DEXI - Tapete de cocina antideslizante acolchado y cómodo, resistente al agua y al aceite.",33.99,,,nan,https://www.amazon.com/-/es/DEXI-antideslizante-acolchado-resistente-aceite/dp/B084YY16JD/ref=sr_1_1?dchild=1&keywords=Set+of+2+Black+Kitchen+Floor+Mat+Rug+Anti+Fatigue+Cushioned+Waterproof+Anti+Slip&qid=1615001371&sr=8-1&tag=pricee0d-20
B08H5779QK,"Juego de cubiertos azules, 24 piezas de acero inoxidable para 6, cubiertos con acabado espejo con caja de regalo",42.99,,,nan,https://www.amazon.com/-/es/cubiertos-azules-piezas-inoxidable-acabado/dp/B08H5779QK/ref=sr_1_31?dchild=1&keywords=24+Piece+Blue+Silverware+Set+w%2F+Gift+Box+Service+for+6+Stainless+Steel+Flatware&qid=1615007043&sr=8-31&tag=pricee0d-20
B07Z4GKCSH,"Portable Electric Juicer Cup, USB Rechargeable Personal-size Blender Used at Home And Outdoor, With 400ml High Borosilicate Glass Cup, Blue",,3.7 ,Cotsoco,nan,https://www.amazon.com/Portable-Electric-Rechargeable-Personal-size-Borosilicate/dp/B07Z4GKCSH?language=en_US&tag=pricee0d-20
B06XT6GZ9V,"Kookantage Cast Iron Skillet Pre-Seasoned Cookware-6"", 8"", 10"" Pans 3 Piece Set Heavy Duty Professional Chef Tools with Silicone Hot Handle Holder",40.00,4.5 ,Kookantage,True,https://www.amazon.com/-/es/Kookantage-sartenes-fundido-pre-sazonadas-silicona/dp/B06XT6GZ9V/ref=sr_1_33?dchild=1&language=en_US&qid=1615021360&refinements=p_n_feature_twenty_browse-bin%3A3254098011&s=kitchen&sr=1-33&tag=pricee0d-20
B00005KJWV,"Aroma Housewares AEW-305 Electric Wok Easy Clean Nonstick, Dishwasher Safe, 7Qt, Black",42.49,4.6 ,,nan,https://www.amazon.com/Aroma-Housewares-AEW-305-Electric-Black/dp/B00005KJWV?th=1&tag=pricee0d-20
